{
  "project_info": {
    "project_number": "1023207526177",
    "project_id": "idk-chat-fe7e4",
    "storage_bucket": "idk-chat-fe7e4.appspot.com"
  },
  "client": [
    {
      "client_info": {
        "mobilesdk_app_id": "1:1023207526177:android:c430ecacf8bbdfc1fcb860",
        "android_client_info": {
          "package_name": "com.demo.Fbase"
        }
      },
      "oauth_client": [],
      "api_key": [
        {
          "current_key": "AIzaSyAlEvjRjjEFGqneaxE-nXQDj2GJBrmhRr0"
        }
      ],
      "services": {
        "appinvite_service": {
          "other_platform_oauth_client": []
        }
      }
    },
    {
      "client_info": {
        "mobilesdk_app_id": "1:1023207526177:android:49b90640af8b5f4dfcb860",
        "android_client_info": {
          "package_name": "com.hehe.lab1"
        }
      },
      "oauth_client": [],
      "api_key": [
        {
          "current_key": "AIzaSyAlEvjRjjEFGqneaxE-nXQDj2GJBrmhRr0"
        }
      ],
      "services": {
        "appinvite_service": {
          "other_platform_oauth_client": []
        }
      }
    }
  ],
  "configuration_version": "1"
}